{"swagger":"2.0","info":{"description":"Api Documentation","version":"1.0","title":"Api Documentation","termsOfService":"urn:tos","contact":{},"license":{"name":"Apache 2.0","url":"http://www.apache.org/licenses/LICENSE-2.0"}},"host":"localhost:8080","basePath":"/","tags":[{"name":"API 정책 관리","description":"Api Mngt Controller"},{"name":"Api 배포 관리","description":"Api Deploy Controller"},{"name":"권한 관리","description":"Aut Mngt Controller"},{"name":"대시보드, 통계, 추이","description":"Dashboard Controller"},{"name":"사용자 관리","description":"User Mngt Controller"},{"name":"서비스 관리","description":"Service Mngt Controller"},{"name":"시스템 관리","description":"System Mngt Controller"},{"name":"집계","description":"Totalization Controller"},{"name":"회원","description":"User Api Controller"}],"paths":{"/mngt/v1/apiCheckByIdAndSysId":{"get":{"tags":["API 정책 관리"],"summary":"API ID 및 시스템 ID 중복체크","operationId":"apiCheckByIdAndSysIdUsingGET","produces":["*/*"],"parameters":[{"name":"apiId","in":"query","description":"apiId","required":true,"type":"string"},{"name":"sysId","in":"query","description":"sysId","required":true,"type":"string"}],"responses":{"200":{"description":"OK","schema":{"originalRef":"Response«DuplicatedCheckDto»","$ref":"#/definitions/Response«DuplicatedCheckDto»"}},"401":{"description":"Unauthorized"},"403":{"description":"Forbidden"},"404":{"description":"Not Found"}},"responsesObject":{"200":{"description":"OK","schema":{"originalRef":"Response«DuplicatedCheckDto»","$ref":"#/definitions/Response«DuplicatedCheckDto»"}},"401":{"description":"Unauthorized"},"403":{"description":"Forbidden"},"404":{"description":"Not Found"}},"security":[{"JWT":["global"]}],"deprecated":false}}, "securityDefinitions":{"JWT":{"type":"apiKey","name":"Authorization","in":"header"}},"definitions":{"AdmApiDto":{"type":"object","properties":{"apiComt":{"type":"string"},"apiId":{"type":"string","example":"getApiInfo","description":"apiId"},"apiNm":{"type":"string","example":"id2.getApiInfo","description":"sysId.apiId"},"cretDt":{"type":"string","format":"date-time","example":"2022-04-29 08:55:32","description":"cretDt"},"cretId":{"type":"string","example":"b2fc57f3-6250-4fe4-8625-c2efe7bcaf05","description":"cretId"},"id":{"type":"string","example":"ObjectId('')","description":"id"},"ifNo":{"type":"string","example":"CAPRI-0002","description":"ifNo"},"spec":{"type":"array","items":{"originalRef":"Spec","$ref":"#/definitions/Spec"}},"sysId":{"type":"string","example":"id2","description":"sysId"},"updDt":{"type":"string","format":"date-time","example":"2022-04-29 08:55:32","description":"updDt"},"updId":{"type":"string","example":"b2fc57f3-6250-4fe4-8625-c2efe7bcaf05","description":"updId"}},"title":"AdmApiDto"},"AdmApiHstDto":{"type":"object","properties":{"apiId":{"type":"string","example":"getApiInfo","description":"apiId"},"apiNm":{"type":"string","example":"id2.getApiInfo","description":"apiNm"},"apihst":{"type":"array","items":{"originalRef":"Apihst","$ref":"#/definitions/Apihst"}},"cretDt":{"type":"string","format":"date-time","example":"2022-04-29 08:55:32","description":"cretDt"},"cretId":{"type":"string","example":"b2fc57f3-6250-4fe4-8625-c2efe7bcaf05","description":"cretId"},"id":{"type":"string","example":"62b5295e998f2a3c9e13b0cd","description":"_id"},"ifNo":{"type":"string","example":"CAPRI-0002","description":"ifNo"},"sysId":{"type":"string","example":"id2","description":"sysId"},"updDt":{"type":"string","format":"date-time","example":"2022-04-29 08:55:32","description":"updDt"},"updId":{"type":"string","example":"b2fc57f3-6250-4fe4-8625-c2efe7bcaf05","description":"updId"},"ver":{"type":"string","example":"v1","description":"ver"}},"title":"AdmApiHstDto"},"AdmAutDto":{"type":"object","properties":{"admr":{"type":"boolean","example":false,"description":"admr"},"autDtl":{"type":"array","example":"json형식","description":"autDtl","items":{"originalRef":"AutDtl","$ref":"#/definitions/AutDtl"}},"autId":{"type":"string","example":"0001","description":"autId"},"autNm":{"type":"string","example":"OP","description":"autNm"},"cretDt":{"type":"string","format":"date-time","example":"2022-06-30T16:06:14.6316537","description":"cretDt"},"cretId":{"type":"string","example":"APIGW","description":"cretId"},"desc":{"type":"string","example":"기본 권한입니다.","description":"desc"},"id":{"type":"string","example":"ObjectId('')","description":"id"},"updDt":{"type":"string","format":"date-time","example":"2022-04-29 08:55:32","description":"updDt"},"updId":{"type":"string","example":"APIGW","description":"updId"}},"title":"AdmAutDto"},"AdmHndlr":{"type":"object","properties":{"bodyRfrn":{"type":"boolean"},"cretDt":{"type":"string","format":"date-time"},"cretId":{"type":"string"},"cstmClassAdr":{"type":"string"},"cstmClassSrc":{"type":"string"},"desc":{"type":"string"},"dpdncHndlr":{"originalRef":"AdmHndlr","$ref":"#/definitions/AdmHndlr"},"hndlrId":{"type":"string"},"id":{"type":"string"},"optn":{"type":"string"},"trtSect":{"type":"string"},"type":{"type":"string"},"updDt":{"type":"string","format":"date-time"},"updId":{"type":"string"},"version":{"type":"integer","format":"int64"}},"title":"AdmHndlr"},"AdmHndlrDto":{"type":"object","properties":{"bodyRfrn":{"type":"boolean","example":true,"description":"bodyRfrn"},"cretDt":{"type":"string","format":"date-time","example":"2022-04-29 08:55:32","description":"cretDt"},"cretId":{"type":"string","example":"b2fc57f3-6250-4fe4-8625-c2efe7bcaf05","description":"cretId"},"cstmClassAdr":{"type":"string","example":"com.ktds.act.apigw.filter.handler.custom.ParamFilter","description":"cstmClassAdr"},"cstmClassSrc":{"type":"string","example":"package com.ktds.act.apigw.filter.handler.custom;  import java.util.Map; ~","description":"cstmClassSrc"},"desc":{"type":"string","example":"kt 가입자 고객 정보 제공","description":"desc"},"dpdncHndlr":{"example":"REQ.BASIC_AUTH","description":"dpdncHndlr","originalRef":"AdmHndlrDto","$ref":"#/definitions/AdmHndlrDto"},"hndlrId":{"type":"string","example":"REQ.CUSTOM_PARAM_FILTER","description":"hndlrId"},"id":{"type":"string","example":"ObjectId('62b5295e998f2a3c9e13b0cd')","description":"_id"},"optn":{"type":"string","example":"json형식","description":"optn"},"trtSect":{"type":"string","example":"REQ","description":"trtSect"},"type":{"type":"string","example":"CSTM","description":"type"},"updDt":{"type":"string","format":"date-time","example":"2022-04-29 08:55:32","description":"updDt"},"updId":{"type":"string","example":"b2fc57f3-6250-4fe4-8625-c2efe7bcaf05","description":"updId"}},"title":"AdmHndlrDto"},"AdmHndlrGrp":{"type":"object","properties":{"cretDt":{"type":"string","format":"date-time"},"cretId":{"type":"string"},"desc":{"type":"string"},"hndlr":{"type":"array","items":{"originalRef":"AdmHndlr","$ref":"#/definitions/AdmHndlr"}},"hndlrGrpId":{"type":"string"},"id":{"type":"string"},"trtSect":{"type":"string"},"updDt":{"type":"string","format":"date-time"},"updId":{"type":"string"},"version":{"type":"integer","format":"int64"}},"title":"AdmHndlrGrp"},"AdmHndlrGrpDto":{"type":"object","properties":{"cretDt":{"type":"string","format":"date-time","example":"2022-04-29 08:55:32","description":"cretDt"},"cretId":{"type":"string","example":"b2fc57f3-6250-4fe4-8625-c2efe7bcaf05","description":"cretId"},"desc":{"type":"string","example":"기본 핸들러 그룹 : 인증 > 파라미터 필터 > 전문 변환","description":"desc"},"hndlr":{"type":"array","example":"JSON형식의 데이터","description":"hndlr","items":{"originalRef":"AdmHndlrDto","$ref":"#/definitions/AdmHndlrDto"}},"hndlrGrpId":{"type":"string","example":"REQ.DEFAULT","description":"hndlrGrpId"},"id":{"type":"string","example":"ObjectId('62b5295e998f2a3c9e13b0cd')","description":"_id"},"trtSect":{"type":"string","example":"REQ","description":"trtSect"},"updDt":{"type":"string","format":"date-time","example":"2022-04-29 08:55:32","description":"updDt"},"updId":{"type":"string","example":"b2fc57f3-6250-4fe4-8625-c2efe7bcaf05","description":"updId"}},"title":"AdmHndlrGrpDto"},"AdmStpltDto":{"type":"object","properties":{"cretDt":{"type":"string","format":"date-time","example":"2022-04-29 08:55:32","description":"cretDt"},"cretId":{"type":"string","example":"b2fc57f3-6250-4fe4-8625-c2efe7bcaf05","description":"cretId"},"id":{"type":"string","example":"ObjectId('')","description":"id"},"stpltId":{"type":"string","example":"관리자","description":"stpltId"},"stpltSbst":{"type":"array","example":"json형식","description":"stpltSbst","items":{"originalRef":"StpltSbst","$ref":"#/definitions/StpltSbst"}},"stpltType":{"type":"string","example":"Operator","description":"stpltType"},"updDt":{"type":"string","format":"date-time","example":"2022-04-29 08:55:32","description":"updDt"},"updId":{"type":"string","example":"b2fc57f3-6250-4fe4-8625-c2efe7bcaf05","description":"updId"}},"title":"AdmStpltDto"},"AdmSvcDto":{"type":"object","properties":{"apiAut":{"type":"array","example":"JSON 유형","description":"apiAut","items":{"originalRef":"ApiAuthDto","$ref":"#/definitions/ApiAuthDto"}},"athn":{"example":"JSON 유형","description":"athn","originalRef":"Athn","$ref":"#/definitions/Athn"},"athnType":{"type":"string","example":"Basic","description":"athnType"},"cretDt":{"type":"string","format":"date-time","example":"2022-04-29 09:52:55.546064","description":"cretDt"},"cretId":{"type":"string","example":"b1f5df2d-9d82-474d-960b-d0398717bbe4","description":"cretId"},"desc":{"type":"string","example":"kt 가입자 대상 서비스 제공","description":"desc"},"id":{"type":"string","example":"ObjectId('')","description":"id"},"ipAcesAut":{"example":"JSON 유형","description":"ipAcesAut","originalRef":"IpAcesAut","$ref":"#/definitions/IpAcesAut"},"sla":{"example":"JSON 유형","description":"sla","originalRef":"Sla","$ref":"#/definitions/Sla"},"svcEndDt":{"type":"string","example":"9999-12-31 23:59:59","description":"svcEndDt"},"svcId":{"type":"string"},"svcStDt":{"type":"string","example":"2022-04-13 00:00:00","description":"svcStDt"},"tkcgrEml":{"type":"string","example":"sjlee7373@kt.com","description":"tkcgrEml"},"tkcgrNm":{"type":"string","example":"이승재","description":"tkcgrNm"},"tkcgrPos":{"type":"string","example":"KTDS 시스템서비스본부 Digico개발센터 Agile Core팀","description":"tkcgrPos"},"updDt":{"type":"string","format":"date-time","example":"2022-04-25 10:21:16.108545","description":"updDt"},"updId":{"type":"string","example":"3bd9a83b-f8df-47ab-874f-9af114fcc30d","description":"updId"}},"title":"AdmSvcDto"},"AdmSysDto":{"type":"object","properties":{"circtBrkr":{"example":"JSON 유형","description":"circtBrkr","originalRef":"CirctBrkr","$ref":"#/definitions/CirctBrkr"},"cretDt":{"type":"string","format":"date-time","example":"2022-04-29 09:52:55.546064","description":"cretDt"},"cretId":{"type":"string","example":"b1f5df2d-9d82-474d-960b-d0398717bbe4","description":"cretId"},"desc":{"type":"string","example":"KT 무선 인증 API 제공 시스템","description":"desc"},"edpt":{"type":"array","example":"jsonArray 형식","description":"edpt","items":{"type":"string"}},"id":{"type":"string","example":"ObjectId('')","description":"id"},"sysId":{"type":"string","example":"CAPRI","description":"sysId"},"tkcgrEml":{"type":"string","example":"sihyuk.you@kt.com","description":"tkcgrEml"},"tkcgrNm":{"type":"string","example":"유시혁","description":"tkcgrNm"},"tkcgrPos":{"type":"string","example":"KTDS 시스템서비스본부 Digico개발센터 Agile Core팀","description":"tkcgrPos"},"updDt":{"type":"string","format":"date-time","example":"2022-04-29 09:52:55.546064","description":"updDt"},"updId":{"type":"string","example":"3bd9a83b-f8df-47ab-874f-9af114fcc30d","description":"updId"}},"title":"AdmSysDto"},"AdmUserDto":{"type":"object","properties":{"aut":{"originalRef":"AdmAutDto","$ref":"#/definitions/AdmAutDto"},"cretDt":{"type":"string","format":"date-time"},"cretId":{"type":"string"},"desc":{"type":"string"},"id":{"type":"string","example":"ObjectId('')","description":"id"},"lastLoginDt":{"type":"string","format":"date-time"},"loginFailCnt":{"type":"integer","format":"int64"},"pos":{"type":"string"},"pwd":{"type":"string"},"stplt":{"originalRef":"AdmStpltDto","$ref":"#/definitions/AdmStpltDto"},"sttus":{"type":"string"},"tel":{"type":"string"},"updDt":{"type":"string","format":"date-time"},"updId":{"type":"string"},"userId":{"type":"string"},"userNm":{"type":"string"}},"title":"AdmUserDto"},"AdmUserTmpDto":{"type":"object","properties":{"athnCmplt":{"type":"boolean"},"athnNo":{"type":"string"},"cretDt":{"type":"string","format":"date-time"},"id":{"type":"string"},"userId":{"type":"string"}},"title":"AdmUserTmpDto"},"ApiAuthDto":{"type":"object","properties":{"apiId":{"type":"array","items":{"type":"string"}},"sysId":{"type":"string"}},"title":"ApiAuthDto"},"ApiDplyReqDto":{"type":"object","properties":{"apiId":{"type":"string","example":"ktApi","description":"apiId"},"dply":{"type":"boolean","example":true,"description":"dply"},"dplyComt":{"type":"string","example":"kt서비스를 위한 배포","description":"dplyComt"},"pwd":{"type":"string","example":"ktds1234!","description":"pwd"},"sysId":{"type":"string","example":"ktSys","description":"sysId"},"ver":{"type":"string","example":"v1","description":"ver"}},"title":"ApiDplyReqDto"},"ApiKey":{"type":"object","properties":{"headNm":{"type":"string"},"key":{"type":"string"}},"title":"ApiKey"},"ApiKeyDto":{"type":"object","properties":{"headNm":{"type":"string"},"key":{"type":"string"}},"title":"ApiKeyDto"},"ApiStatDto":{"type":"object","properties":{"apiDesc":{"type":"string"},"apiId":{"type":"string"},"avgResTm":{"type":"integer","format":"int64"},"crCnt":{"type":"integer","format":"int64"},"failCnt":{"type":"integer","format":"int64"},"failRate":{"type":"number","format":"double"},"maCnt":{"type":"integer","format":"int64"},"miCnt":{"type":"integer","format":"int64"},"sucesCnt":{"type":"integer","format":"int64"},"sucesRate":{"type":"number","format":"double"},"sysId":{"type":"string"},"totCnt":{"type":"integer","format":"int64"},"tps":{"type":"number","format":"double"}},"title":"ApiStatDto"},"ApiTrafcDto":{"type":"object","properties":{"apiNm":{"type":"string"},"failCnt":{"type":"integer","format":"int64"},"statBaseTm":{"type":"string","format":"date-time"},"sucesCnt":{"type":"integer","format":"int64"},"totCnt":{"type":"integer","format":"int64"}},"title":"ApiTrafcDto"},"ApiTrafcsDto":{"type":"object","properties":{"apiNm":{"type":"string"},"apiTrafc":{"type":"array","items":{"originalRef":"ApiTrafcDto","$ref":"#/definitions/ApiTrafcDto"}}},"title":"ApiTrafcsDto"},"Apihst":{"type":"object","properties":{"apiComt":{"type":"string"},"apiTkcgr":{"type":"string"},"cretDt":{"type":"string","format":"date-time"},"cretId":{"type":"string"},"desc":{"type":"string"},"dply":{"type":"boolean"},"dplyComt":{"type":"string"},"dplyTkcgr":{"type":"string"},"edpt":{"type":"array","items":{"type":"string"}},"in":{"type":"string"},"meth":{"type":"array","items":{"type":"string"}},"out":{"type":"string"},"reqHndlrGrp":{"type":"string"},"resHndlrGrp":{"type":"string"},"sttus":{"type":"string"},"timeOut":{"type":"integer","format":"int64"},"updDt":{"type":"string","format":"date-time"},"updId":{"type":"string"}},"title":"Apihst"},"Athn":{"type":"object","properties":{"apiKey":{"originalRef":"ApiKey","$ref":"#/definitions/ApiKey"},"basic":{"originalRef":"Basic","$ref":"#/definitions/Basic"},"jwt":{"originalRef":"Jwt","$ref":"#/definitions/Jwt"}},"title":"Athn"},"AutCheckByNmDto":{"type":"object","properties":{"isPkDuplicated":{"type":"boolean","example":true,"description":"isPkDuplicated"}},"title":"AutCheckByNmDto"},"AutDtl":{"type":"object","properties":{"edit":{"type":"boolean"},"menuId":{"type":"string"},"show":{"type":"boolean"},"subMenu":{"type":"array","items":{"originalRef":"AutDtl","$ref":"#/definitions/AutDtl"}}},"title":"AutDtl"},"Basic":{"type":"object","properties":{"id":{"type":"string"},"pw":{"type":"string"}},"title":"Basic"},"BasicDto":{"type":"object","properties":{"id":{"type":"string"},"pw":{"type":"string"}},"title":"BasicDto"},"CirctBrkr":{"type":"object","properties":{"baseReachTm":{"type":"integer","format":"int64"},"blckDuratTm":{"type":"integer","format":"int64"},"failRate":{"type":"integer","format":"int64"},"minBaseCnt":{"type":"integer","format":"int64"},"resCd":{"type":"integer","format":"int64"}},"title":"CirctBrkr"},"ColecTrafc":{"type":"object","properties":{"apiId":{"type":"string"},"applId":{"type":"string"},"endTrafcTm":{"type":"integer","format":"int64"},"errCd":{"type":"string"},"errMsg":{"type":"string"},"host":{"type":"string"},"id":{"type":"string"},"rslt":{"type":"string"},"stTrafcTm":{"type":"integer","format":"int64"},"sumYn":{"type":"string"},"svcId":{"type":"string"},"sysId":{"type":"string"},"trafcTxId":{"type":"string"},"ver":{"type":"string"}},"title":"ColecTrafc"},"Common":{"type":"object","properties":{"code":{"type":"integer","format":"int32"},"message":{"type":"string"}},"title":"Common"},"DayTrafcStatComprDto":{"type":"object","properties":{"failCnt":{"type":"integer","format":"int64","description":"failCnt"},"statBaseDt":{"type":"string","format":"date-time","description":"statBaseDt"},"sucesCnt":{"type":"integer","format":"int64","description":"sucesCnt"},"totCnt":{"type":"integer","format":"int64","description":"totCnt"}},"title":"DayTrafcStatComprDto"},"DuplicatedCheckDto":{"type":"object","properties":{"isPkDuplicated":{"type":"boolean","example":true,"description":"isPkDuplicated"}},"title":"DuplicatedCheckDto"},"ErrStatTrndDto":{"type":"object","properties":{"crCnt":{"type":"integer","format":"int64"},"failRate":{"type":"number","format":"double"},"maCnt":{"type":"integer","format":"int64"},"miCnt":{"type":"integer","format":"int64"},"statBaseTm":{"type":"string","format":"date-time"}},"title":"ErrStatTrndDto"},"IpAcesAut":{"type":"object","properties":{"alwdIp":{"type":"array","items":{"type":"string"}},"blckIp":{"type":"array","items":{"type":"string"}}},"title":"IpAcesAut"},"Jwt":{"type":"object","properties":{"alg":{"type":"string"},"aud":{"type":"string"},"iss":{"type":"string"},"pubKey":{"type":"string"}},"title":"Jwt"},"PwdChangeDto":{"type":"object","properties":{"newPwd":{"type":"string"},"oldPwd":{"type":"string"},"userId":{"type":"string"}},"title":"PwdChangeDto"},"RealtimeApiStatDto":{"type":"object","properties":{"apiStat":{"type":"array","items":{"originalRef":"ApiStatDto","$ref":"#/definitions/ApiStatDto"}},"statBaseTm":{"type":"string","format":"date-time"},"statPerd":{"type":"integer","format":"int64"}},"title":"RealtimeApiStatDto"},"RealtimeServiceStatDto":{"type":"object","properties":{"statBaseTm":{"type":"string","format":"date-time"},"statPerd":{"type":"integer","format":"int64"},"svcStat":{"type":"array","items":{"originalRef":"SvcStatDto","$ref":"#/definitions/SvcStatDto"}}},"title":"RealtimeServiceStatDto"},"RefreshToken":{"type":"object","properties":{"accessToken":{"type":"string"},"refreshToken":{"type":"string"},"refreshTokenExpirationAt":{"type":"string"},"userId":{"type":"string"}},"title":"RefreshToken"},"Response":{"type":"object","properties":{"common":{"originalRef":"Common","$ref":"#/definitions/Common"},"data":{"type":"object"}},"title":"Response"},"Response«AdmApiDto»":{"type":"object","properties":{"common":{"originalRef":"Common","$ref":"#/definitions/Common"},"data":{"originalRef":"AdmApiDto","$ref":"#/definitions/AdmApiDto"}},"title":"Response«AdmApiDto»"},"Response«AdmApiHstDto»":{"type":"object","properties":{"common":{"originalRef":"Common","$ref":"#/definitions/Common"},"data":{"originalRef":"AdmApiHstDto","$ref":"#/definitions/AdmApiHstDto"}},"title":"Response«AdmApiHstDto»"},"Response«AdmAutDto»":{"type":"object","properties":{"common":{"originalRef":"Common","$ref":"#/definitions/Common"},"data":{"originalRef":"AdmAutDto","$ref":"#/definitions/AdmAutDto"}},"title":"Response«AdmAutDto»"},"Response«AdmHndlrDto»":{"type":"object","properties":{"common":{"originalRef":"Common","$ref":"#/definitions/Common"},"data":{"originalRef":"AdmHndlrDto","$ref":"#/definitions/AdmHndlrDto"}},"title":"Response«AdmHndlrDto»"},"Response«AdmHndlrGrpDto»":{"type":"object","properties":{"common":{"originalRef":"Common","$ref":"#/definitions/Common"},"data":{"originalRef":"AdmHndlrGrpDto","$ref":"#/definitions/AdmHndlrGrpDto"}},"title":"Response«AdmHndlrGrpDto»"},"Response«AdmStpltDto»":{"type":"object","properties":{"common":{"originalRef":"Common","$ref":"#/definitions/Common"},"data":{"originalRef":"AdmStpltDto","$ref":"#/definitions/AdmStpltDto"}},"title":"Response«AdmStpltDto»"},"Response«AdmSvcDto»":{"type":"object","properties":{"common":{"originalRef":"Common","$ref":"#/definitions/Common"},"data":{"originalRef":"AdmSvcDto","$ref":"#/definitions/AdmSvcDto"}},"title":"Response«AdmSvcDto»"},"Response«AdmSysDto»":{"type":"object","properties":{"common":{"originalRef":"Common","$ref":"#/definitions/Common"},"data":{"originalRef":"AdmSysDto","$ref":"#/definitions/AdmSysDto"}},"title":"Response«AdmSysDto»"},"Response«AdmUserDto»":{"type":"object","properties":{"common":{"originalRef":"Common","$ref":"#/definitions/Common"},"data":{"originalRef":"AdmUserDto","$ref":"#/definitions/AdmUserDto"}},"title":"Response«AdmUserDto»"},"Response«ApiKeyDto»":{"type":"object","properties":{"common":{"originalRef":"Common","$ref":"#/definitions/Common"},"data":{"originalRef":"ApiKeyDto","$ref":"#/definitions/ApiKeyDto"}},"title":"Response«ApiKeyDto»"},"Response«AutCheckByNmDto»":{"type":"object","properties":{"common":{"originalRef":"Common","$ref":"#/definitions/Common"},"data":{"originalRef":"AutCheckByNmDto","$ref":"#/definitions/AutCheckByNmDto"}},"title":"Response«AutCheckByNmDto»"},"Response«BasicDto»":{"type":"object","properties":{"common":{"originalRef":"Common","$ref":"#/definitions/Common"},"data":{"originalRef":"BasicDto","$ref":"#/definitions/BasicDto"}},"title":"Response«BasicDto»"},"Response«DuplicatedCheckDto»":{"type":"object","properties":{"common":{"originalRef":"Common","$ref":"#/definitions/Common"},"data":{"originalRef":"DuplicatedCheckDto","$ref":"#/definitions/DuplicatedCheckDto"}},"title":"Response«DuplicatedCheckDto»"},"Response«ErrStatTrndDto»":{"type":"object","properties":{"common":{"originalRef":"Common","$ref":"#/definitions/Common"},"data":{"originalRef":"ErrStatTrndDto","$ref":"#/definitions/ErrStatTrndDto"}},"title":"Response«ErrStatTrndDto»"},"Response«List«AdmApiDto»»":{"type":"object","properties":{"common":{"originalRef":"Common","$ref":"#/definitions/Common"},"data":{"type":"array","items":{"originalRef":"AdmApiDto","$ref":"#/definitions/AdmApiDto"}}},"title":"Response«List«AdmApiDto»»"},"Response«List«AdmApiHstDto»»":{"type":"object","properties":{"common":{"originalRef":"Common","$ref":"#/definitions/Common"},"data":{"type":"array","items":{"originalRef":"AdmApiHstDto","$ref":"#/definitions/AdmApiHstDto"}}},"title":"Response«List«AdmApiHstDto»»"},"Response«List«AdmAutDto»»":{"type":"object","properties":{"common":{"originalRef":"Common","$ref":"#/definitions/Common"},"data":{"type":"array","items":{"originalRef":"AdmAutDto","$ref":"#/definitions/AdmAutDto"}}},"title":"Response«List«AdmAutDto»»"},"Response«List«AdmHndlrGrpDto»»":{"type":"object","properties":{"common":{"originalRef":"Common","$ref":"#/definitions/Common"},"data":{"type":"array","items":{"originalRef":"AdmHndlrGrpDto","$ref":"#/definitions/AdmHndlrGrpDto"}}},"title":"Response«List«AdmHndlrGrpDto»»"},"Response«List«AdmSvcDto»»":{"type":"object","properties":{"common":{"originalRef":"Common","$ref":"#/definitions/Common"},"data":{"type":"array","items":{"originalRef":"AdmSvcDto","$ref":"#/definitions/AdmSvcDto"}}},"title":"Response«List«AdmSvcDto»»"},"Response«List«AdmSysDto»»":{"type":"object","properties":{"common":{"originalRef":"Common","$ref":"#/definitions/Common"},"data":{"type":"array","items":{"originalRef":"AdmSysDto","$ref":"#/definitions/AdmSysDto"}}},"title":"Response«List«AdmSysDto»»"},"Response«List«AdmUserDto»»":{"type":"object","properties":{"common":{"originalRef":"Common","$ref":"#/definitions/Common"},"data":{"type":"array","items":{"originalRef":"AdmUserDto","$ref":"#/definitions/AdmUserDto"}}},"title":"Response«List«AdmUserDto»»"},"Response«List«ApiAuthDto»»":{"type":"object","properties":{"common":{"originalRef":"Common","$ref":"#/definitions/Common"},"data":{"type":"array","items":{"originalRef":"ApiAuthDto","$ref":"#/definitions/ApiAuthDto"}}},"title":"Response«List«ApiAuthDto»»"},"Response«List«ApiTrafcsDto»»":{"type":"object","properties":{"common":{"originalRef":"Common","$ref":"#/definitions/Common"},"data":{"type":"array","items":{"originalRef":"ApiTrafcsDto","$ref":"#/definitions/ApiTrafcsDto"}}},"title":"Response«List«ApiTrafcsDto»»"},"Response«List«DayTrafcStatComprDto»»":{"type":"object","properties":{"common":{"originalRef":"Common","$ref":"#/definitions/Common"},"data":{"type":"array","items":{"originalRef":"DayTrafcStatComprDto","$ref":"#/definitions/DayTrafcStatComprDto"}}},"title":"Response«List«DayTrafcStatComprDto»»"},"Response«List«ErrStatTrndDto»»":{"type":"object","properties":{"common":{"originalRef":"Common","$ref":"#/definitions/Common"},"data":{"type":"array","items":{"originalRef":"ErrStatTrndDto","$ref":"#/definitions/ErrStatTrndDto"}}},"title":"Response«List«ErrStatTrndDto»»"},"Response«List«StatSvcTrafcDto»»":{"type":"object","properties":{"common":{"originalRef":"Common","$ref":"#/definitions/Common"},"data":{"type":"array","items":{"originalRef":"StatSvcTrafcDto","$ref":"#/definitions/StatSvcTrafcDto"}}},"title":"Response«List«StatSvcTrafcDto»»"},"Response«List«StusStatTrndDto»»":{"type":"object","properties":{"common":{"originalRef":"Common","$ref":"#/definitions/Common"},"data":{"type":"array","items":{"originalRef":"StusStatTrndDto","$ref":"#/definitions/StusStatTrndDto"}}},"title":"Response«List«StusStatTrndDto»»"},"Response«List«SvcTrafcsDto»»":{"type":"object","properties":{"common":{"originalRef":"Common","$ref":"#/definitions/Common"},"data":{"type":"array","items":{"originalRef":"SvcTrafcsDto","$ref":"#/definitions/SvcTrafcsDto"}}},"title":"Response«List«SvcTrafcsDto»»"},"Response«List«TrafficCountDto»»":{"type":"object","properties":{"common":{"originalRef":"Common","$ref":"#/definitions/Common"},"data":{"type":"array","items":{"originalRef":"TrafficCountDto","$ref":"#/definitions/TrafficCountDto"}}},"title":"Response«List«TrafficCountDto»»"},"Response«List«TrafficResTimeDto»»":{"type":"object","properties":{"common":{"originalRef":"Common","$ref":"#/definitions/Common"},"data":{"type":"array","items":{"originalRef":"TrafficResTimeDto","$ref":"#/definitions/TrafficResTimeDto"}}},"title":"Response«List«TrafficResTimeDto»»"},"Response«List«string»»":{"type":"object","properties":{"common":{"originalRef":"Common","$ref":"#/definitions/Common"},"data":{"type":"array","items":{"type":"string"}}},"title":"Response«List«string»»"},"Response«RealtimeApiStatDto»":{"type":"object","properties":{"common":{"originalRef":"Common","$ref":"#/definitions/Common"},"data":{"originalRef":"RealtimeApiStatDto","$ref":"#/definitions/RealtimeApiStatDto"}},"title":"Response«RealtimeApiStatDto»"},"Response«RealtimeServiceStatDto»":{"type":"object","properties":{"common":{"originalRef":"Common","$ref":"#/definitions/Common"},"data":{"originalRef":"RealtimeServiceStatDto","$ref":"#/definitions/RealtimeServiceStatDto"}},"title":"Response«RealtimeServiceStatDto»"},"Response«RefreshToken»":{"type":"object","properties":{"common":{"originalRef":"Common","$ref":"#/definitions/Common"},"data":{"originalRef":"RefreshToken","$ref":"#/definitions/RefreshToken"}},"title":"Response«RefreshToken»"},"Response«ServiceCheckByIdDto»":{"type":"object","properties":{"common":{"originalRef":"Common","$ref":"#/definitions/Common"},"data":{"originalRef":"ServiceCheckByIdDto","$ref":"#/definitions/ServiceCheckByIdDto"}},"title":"Response«ServiceCheckByIdDto»"},"Response«StatSvcTrafcDto»":{"type":"object","properties":{"common":{"originalRef":"Common","$ref":"#/definitions/Common"},"data":{"originalRef":"StatSvcTrafcDto","$ref":"#/definitions/StatSvcTrafcDto"}},"title":"Response«StatSvcTrafcDto»"},"Response«StusStatTrndDto»":{"type":"object","properties":{"common":{"originalRef":"Common","$ref":"#/definitions/Common"},"data":{"originalRef":"StusStatTrndDto","$ref":"#/definitions/StusStatTrndDto"}},"title":"Response«StusStatTrndDto»"},"Response«SystemCheckByIdDto»":{"type":"object","properties":{"common":{"originalRef":"Common","$ref":"#/definitions/Common"},"data":{"originalRef":"SystemCheckByIdDto","$ref":"#/definitions/SystemCheckByIdDto"}},"title":"Response«SystemCheckByIdDto»"},"Response«TotalApiSumDto»":{"type":"object","properties":{"common":{"originalRef":"Common","$ref":"#/definitions/Common"},"data":{"originalRef":"TotalApiSumDto","$ref":"#/definitions/TotalApiSumDto"}},"title":"Response«TotalApiSumDto»"},"Response«TotalSvcSumDto»":{"type":"object","properties":{"common":{"originalRef":"Common","$ref":"#/definitions/Common"},"data":{"originalRef":"TotalSvcSumDto","$ref":"#/definitions/TotalSvcSumDto"}},"title":"Response«TotalSvcSumDto»"},"Response«UserCheckByIdDto»":{"type":"object","properties":{"common":{"originalRef":"Common","$ref":"#/definitions/Common"},"data":{"originalRef":"UserCheckByIdDto","$ref":"#/definitions/UserCheckByIdDto"}},"title":"Response«UserCheckByIdDto»"},"Response«object»":{"type":"object","properties":{"common":{"originalRef":"Common","$ref":"#/definitions/Common"},"data":{"type":"object"}},"title":"Response«object»"},"ServiceCheckByIdDto":{"type":"object","properties":{"isPkDuplicated":{"type":"boolean"}},"title":"ServiceCheckByIdDto"},"SignInRequestDto":{"type":"object","properties":{"pwd":{"type":"string"},"userId":{"type":"string"}},"title":"SignInRequestDto"},"Sla":{"type":"object","properties":{"day":{"type":"integer","format":"int64"},"hr":{"type":"integer","format":"int64"},"min":{"type":"integer","format":"int64"},"mon":{"type":"integer","format":"int64"},"sec":{"type":"integer","format":"int64"}},"title":"Sla"},"Spec":{"type":"object","properties":{"cretDt":{"type":"string","format":"date-time"},"cretId":{"type":"string"},"desc":{"type":"string"},"dply":{"type":"boolean"},"in":{"type":"string"},"meth":{"type":"array","items":{"type":"string"}},"out":{"type":"string"},"reqHndlrGrp":{"originalRef":"AdmHndlrGrp","$ref":"#/definitions/AdmHndlrGrp"},"resHndlrGrp":{"originalRef":"AdmHndlrGrp","$ref":"#/definitions/AdmHndlrGrp"},"sttus":{"type":"string"},"timeOut":{"type":"integer","format":"int64"},"updDt":{"type":"string","format":"date-time"},"updId":{"type":"string"},"ver":{"type":"string"},"version":{"type":"integer","format":"int64"}},"title":"Spec"},"StatApiTrafc":{"type":"object","properties":{"apiId":{"type":"string"},"apiNm":{"type":"string"},"failCnt":{"type":"integer","format":"int64"},"id":{"type":"string"},"lastTrafcTm":{"type":"string","format":"date-time"},"lastTrafcTxId":{"type":"string"},"resTmTot":{"type":"integer","format":"int64"},"stTrafcTm":{"type":"string","format":"date-time"},"statBaseTm":{"type":"string","format":"date-time"},"statBaseUnit":{"type":"string"},"statVerTrafcs":{"type":"array","items":{"originalRef":"StatVerTrafc","$ref":"#/definitions/StatVerTrafc"}},"sucesCnt":{"type":"integer","format":"int64"},"sysId":{"type":"string"},"totCnt":{"type":"integer","format":"int64"}},"title":"StatApiTrafc"},"StatErrTrafc":{"type":"object","properties":{"cretDt":{"type":"string","format":"date-time"},"errCd":{"type":"string"},"errMsg":{"type":"string"},"lastTrafcTm":{"type":"string","format":"date-time"},"lastTrafcTxId":{"type":"string"},"resTmTot":{"type":"integer","format":"int64"},"stTrafcTm":{"type":"string","format":"date-time"},"totCnt":{"type":"integer","format":"int64"}},"title":"StatErrTrafc"},"StatRsltTrafc":{"type":"object","properties":{"cretDt":{"type":"string","format":"date-time"},"lastTrafcTm":{"type":"string","format":"date-time"},"lastTrafcTxId":{"type":"string"},"resTmTot":{"type":"integer","format":"int64"},"rsltType":{"type":"string"},"stTrafcTm":{"type":"string","format":"date-time"},"statErrTrafcs":{"type":"array","items":{"originalRef":"StatErrTrafc","$ref":"#/definitions/StatErrTrafc"}},"totCnt":{"type":"integer","format":"int64"}},"title":"StatRsltTrafc"},"StatSvcTrafc":{"type":"object","properties":{"failCnt":{"type":"integer","format":"int64"},"id":{"type":"string"},"lastTrafcTm":{"type":"string","format":"date-time"},"lastTrafcTxId":{"type":"string"},"resTmTot":{"type":"integer","format":"int64"},"stTrafcTm":{"type":"string","format":"date-time"},"statApiTrafcs":{"type":"array","items":{"originalRef":"StatApiTrafc","$ref":"#/definitions/StatApiTrafc"}},"statBaseTm":{"type":"string","format":"date-time"},"statBaseUnit":{"type":"string"},"sucesCnt":{"type":"integer","format":"int64"},"sumYn":{"type":"string"},"svcId":{"type":"string"},"totCnt":{"type":"integer","format":"int64"}},"title":"StatSvcTrafc"},"StatSvcTrafcDto":{"type":"object","properties":{"cretDt":{"type":"string","format":"date-time"},"failCnt":{"type":"integer","format":"int64"},"id":{"type":"integer","format":"int64"},"lastTrafcTm":{"type":"string","format":"date-time"},"lastTrafcTxId":{"type":"string"},"resTmTot":{"type":"integer","format":"int64"},"stTrafcTm":{"type":"string","format":"date-time"},"statApiTrafcs":{"type":"array","items":{"originalRef":"StatApiTrafc","$ref":"#/definitions/StatApiTrafc"}},"statBaseTm":{"type":"string","format":"date-time"},"statBaseUnit":{"type":"string"},"sucesCnt":{"type":"integer","format":"int64"},"sumYn":{"type":"string"},"svcId":{"type":"string"},"totCnt":{"type":"integer","format":"int64"}},"title":"StatSvcTrafcDto"},"StatVerTrafc":{"type":"object","properties":{"statRsltTrafcs":{"type":"array","items":{"originalRef":"StatRsltTrafc","$ref":"#/definitions/StatRsltTrafc"}},"ver":{"type":"string"}},"title":"StatVerTrafc"},"StpltSbst":{"type":"object","properties":{"conts":{"type":"string"},"title":{"type":"string"}},"title":"StpltSbst"},"StusStatTrndDto":{"type":"object","properties":{"avgResTm":{"type":"integer","format":"int64"},"statBaseTm":{"type":"string","format":"date-time"},"tps":{"type":"number","format":"double"}},"title":"StusStatTrndDto"},"SvcStatDto":{"type":"object","properties":{"avgResTm":{"type":"integer","format":"int64"},"crCnt":{"type":"integer","format":"int64"},"failCnt":{"type":"integer","format":"int64"},"failRate":{"type":"number","format":"double"},"maCnt":{"type":"integer","format":"int64"},"miCnt":{"type":"integer","format":"int64"},"sucesCnt":{"type":"integer","format":"int64"},"sucesRate":{"type":"number","format":"double"},"svcDesc":{"type":"string"},"svcId":{"type":"string"},"totCnt":{"type":"integer","format":"int64"},"tps":{"type":"number","format":"double"}},"title":"SvcStatDto"},"SvcTrafcDto":{"type":"object","properties":{"failCnt":{"type":"integer","format":"int64"},"statBaseTm":{"type":"string","format":"date-time"},"sucesCnt":{"type":"integer","format":"int64"},"svcId":{"type":"string"},"totCnt":{"type":"integer","format":"int64"}},"title":"SvcTrafcDto"},"SvcTrafcsDto":{"type":"object","properties":{"svcId":{"type":"string"},"svcTrafc":{"type":"array","items":{"originalRef":"SvcTrafcDto","$ref":"#/definitions/SvcTrafcDto"}}},"title":"SvcTrafcsDto"},"SystemCheckByIdDto":{"type":"object","properties":{"isPkDuplicated":{"type":"boolean","example":true,"description":"isPkDuplicated"}},"title":"SystemCheckByIdDto"},"Token":{"type":"object","properties":{"refreshToken":{"type":"string"}},"title":"Token"},"TotalApiDto":{"type":"object","properties":{"apiId":{"type":"string"},"apiNm":{"type":"string"},"avgResTm":{"type":"integer","format":"int64"},"crCnt":{"type":"integer","format":"int64"},"failCnt":{"type":"integer","format":"int64"},"failRate":{"type":"number","format":"double"},"maCnt":{"type":"integer","format":"int64"},"miCnt":{"type":"integer","format":"int64"},"sucesCnt":{"type":"integer","format":"int64"},"sucesRate":{"type":"number","format":"double"},"sysId":{"type":"string"},"totCnt":{"type":"integer","format":"int64"},"tps":{"type":"number","format":"double"},"trafcEndTm":{"type":"string","format":"date-time"},"trafcStTm":{"type":"string","format":"date-time"},"verStat":{"type":"array","items":{"originalRef":"TotalVerDto","$ref":"#/definitions/TotalVerDto"}}},"title":"TotalApiDto"},"TotalApiSumDto":{"type":"object","properties":{"apiStat":{"type":"array","description":"TotalApiDto","items":{"originalRef":"TotalApiDto","$ref":"#/definitions/TotalApiDto"}},"avgResTm":{"type":"integer","format":"int64"},"crCnt":{"type":"integer","format":"int64"},"failCnt":{"type":"integer","format":"int64","example":10,"description":"failCnt"},"failRate":{"type":"number","format":"double"},"maCnt":{"type":"integer","format":"int64"},"miCnt":{"type":"integer","format":"int64"},"sucesCnt":{"type":"integer","format":"int64","example":90,"description":"sucesCnt"},"sucesRate":{"type":"number","format":"double","example":90.0,"description":"sucesRate"},"totCnt":{"type":"integer","format":"int64","example":100,"description":"totCnt"},"tps":{"type":"number","format":"double"},"trafcEndTm":{"type":"string","format":"date-time","example":"2022-04-13 15:39:56.567","description":"trafcEndTm"},"trafcStTm":{"type":"string","format":"date-time","example":"2022-04-13 15:39:01.222","description":"trafcStTm"}},"title":"TotalApiSumDto"},"TotalErrDto":{"type":"object","properties":{"errCd":{"type":"string"},"errLevel":{"type":"string"},"errMsg":{"type":"string"},"totCnt":{"type":"integer","format":"int64"},"trafcEndTm":{"type":"string","format":"date-time"},"trafcStTm":{"type":"string","format":"date-time"}},"title":"TotalErrDto"},"TotalRsltDto":{"type":"object","properties":{"errStat":{"type":"array","items":{"originalRef":"TotalErrDto","$ref":"#/definitions/TotalErrDto"}},"rsltType":{"type":"string"},"totCnt":{"type":"integer","format":"int64"},"trafcEndTm":{"type":"string","format":"date-time"},"trafcStTm":{"type":"string","format":"date-time"}},"title":"TotalRsltDto"},"TotalSvcDto":{"type":"object","properties":{"apiStat":{"type":"array","items":{"originalRef":"TotalApiDto","$ref":"#/definitions/TotalApiDto"}},"avgResTm":{"type":"integer","format":"int64"},"crCnt":{"type":"integer","format":"int64"},"failCnt":{"type":"integer","format":"int64"},"failRate":{"type":"number","format":"double"},"maCnt":{"type":"integer","format":"int64"},"miCnt":{"type":"integer","format":"int64"},"sucesCnt":{"type":"integer","format":"int64"},"sucesRate":{"type":"number","format":"double"},"svcId":{"type":"string"},"totCnt":{"type":"integer","format":"int64"},"tps":{"type":"number","format":"double"},"trafcEndTm":{"type":"string","format":"date-time"},"trafcStTm":{"type":"string","format":"date-time"}},"title":"TotalSvcDto"},"TotalSvcSumDto":{"type":"object","properties":{"avgResTm":{"type":"integer","format":"int64"},"crCnt":{"type":"integer","format":"int64"},"failCnt":{"type":"integer","format":"int64","example":10,"description":"failCnt"},"failRate":{"type":"number","format":"double"},"maCnt":{"type":"integer","format":"int64"},"miCnt":{"type":"integer","format":"int64"},"sucesCnt":{"type":"integer","format":"int64","example":90,"description":"sucesCnt"},"sucesRate":{"type":"number","format":"double","example":90.0,"description":"sucesRate"},"svcStat":{"type":"array","description":"TotalSvcDto","items":{"originalRef":"TotalSvcDto","$ref":"#/definitions/TotalSvcDto"}},"totCnt":{"type":"integer","format":"int64","example":100,"description":"totCnt"},"tps":{"type":"number","format":"double"},"trafcEndTm":{"type":"string","format":"date-time","example":"2022-04-13 15:39:56.567","description":"trafcEndTm"},"trafcStTm":{"type":"string","format":"date-time","example":"2022-04-13 15:39:01.222","description":"trafcStTm"}},"title":"TotalSvcSumDto"},"TotalVerDto":{"type":"object","properties":{"rsltStat":{"type":"array","items":{"originalRef":"TotalRsltDto","$ref":"#/definitions/TotalRsltDto"}},"totCnt":{"type":"integer","format":"int64"},"ver":{"type":"string"}},"title":"TotalVerDto"},"TrafficCountDto":{"type":"object","properties":{"lstWkCnt":{"type":"integer","format":"int64"},"statBaseTm":{"type":"string","format":"date-time"},"todayCnt":{"type":"integer","format":"int64"},"ystdayCnt":{"type":"integer","format":"int64"}},"title":"TrafficCountDto"},"TrafficResTimeDto":{"type":"object","properties":{"lstWkAvgResTm":{"type":"integer","format":"int64"},"statBaseTm":{"type":"string","format":"date-time"},"todayAvgResTm":{"type":"integer","format":"int64"},"ystdayAvgResTm":{"type":"integer","format":"int64"}},"title":"TrafficResTimeDto"},"UserCheckByIdDto":{"type":"object","properties":{"isPkDuplicated":{"type":"boolean","example":true,"description":"isPkDuplicated"}},"title":"UserCheckByIdDto"}}}}